"FullName","DirectoryName","SizeKB"
"E:\_src\OTLP\docs\README.md","E:\_src\OTLP\docs","35"
"E:\_src\OTLP\docs\README_EN.md","E:\_src\OTLP\docs","8.8"
"E:\_src\OTLP\docs\00_参考资料\00_OTLP知识宇宙导航.md","E:\_src\OTLP\docs\00_参考资料","3.7"
"E:\_src\OTLP\docs\00_参考资料\00_OTLP知识宇宙导航_v2.0.md","E:\_src\OTLP\docs\00_参考资料","4.1"
"E:\_src\OTLP\docs\00_参考资料\00_快速导航_完整索引.md","E:\_src\OTLP\docs\00_参考资料","19.7"
"E:\_src\OTLP\docs\00_参考资料\00_综合快速参考手册.md","E:\_src\OTLP\docs\00_参考资料","26.1"
"E:\_src\OTLP\docs\00_参考资料\00_问题诊断决策树手册.md","E:\_src\OTLP\docs\00_参考资料","30.7"
"E:\_src\OTLP\docs\00_参考资料\01_OpenTelemetry最佳实践完整清单.md","E:\_src\OTLP\docs\00_参考资料","37.9"
"E:\_src\OTLP\docs\00_参考资料\01_OTLP协议速查手册.md","E:\_src\OTLP\docs\00_参考资料","14.9"
"E:\_src\OTLP\docs\00_参考资料\01_按角色分类的学习路径.md","E:\_src\OTLP\docs\00_参考资料","20.1"
"E:\_src\OTLP\docs\00_参考资料\02_Semantic_Conventions速查手册.md","E:\_src\OTLP\docs\00_参考资料","18.5"
"E:\_src\OTLP\docs\00_参考资料\03_Collector配置速查手册.md","E:\_src\OTLP\docs\00_参考资料","19.8"
"E:\_src\OTLP\docs\00_参考资料\04_故障排查速查手册.md","E:\_src\OTLP\docs\00_参考资料","20.3"
"E:\_src\OTLP\docs\00_参考资料\05_性能优化速查手册.md","E:\_src\OTLP\docs\00_参考资料","18.2"
"E:\_src\OTLP\docs\00_参考资料\06_安全配置速查手册.md","E:\_src\OTLP\docs\00_参考资料","20.9"
"E:\_src\OTLP\docs\00_参考资料\OTLP_v1.10.0版本更新说明.md","E:\_src\OTLP\docs\00_参考资料","14.3"
"E:\_src\OTLP\docs\00_参考资料\README.md","E:\_src\OTLP\docs\00_参考资料","12.5"
"E:\_src\OTLP\docs\00_参考资料\参考_TLA+模型检验实战指南_OTLP协议形式化验证.md","E:\_src\OTLP\docs\00_参考资料","40.3"
"E:\_src\OTLP\docs\00_参考资料\参考_摘要_批判性评价执行摘要_一页纸.md","E:\_src\OTLP\docs\00_参考资料","4.4"
"E:\_src\OTLP\docs\00_参考资料\参考_时间线_项目里程碑时间线.md","E:\_src\OTLP\docs\00_参考资料","20.7"
"E:\_src\OTLP\docs\00_参考资料\参考_术语_术语表_OTLP技术栈标准译法.md","E:\_src\OTLP\docs\00_参考资料","20.3"
"E:\_src\OTLP\docs\00_参考资料\参考_术语_评价与改进文档导航_README.md","E:\_src\OTLP\docs\00_参考资料","17.9"
"E:\_src\OTLP\docs\00_参考资料\快速_快速行动指南_立即开始.md","E:\_src\OTLP\docs\00_参考资料","10.2"
"E:\_src\OTLP\docs\00_参考资料\快速开始指南.md","E:\_src\OTLP\docs\00_参考资料","10.8"
"E:\_src\OTLP\docs\00_参考资料\指南_AI_AI驱动日志分析完整指南_LLM异常检测与RCA.md","E:\_src\OTLP\docs\00_参考资料","85.1"
"E:\_src\OTLP\docs\00_参考资料\指南_AI_OTLP自主运维能力完整架构_AIOps平台设计.md","E:\_src\OTLP\docs\00_参考资料","156.2"
"E:\_src\OTLP\docs\00_参考资料\指南_AI_时序异常检测实战指南_Prophet_LSTM_IsolationForest.md","E:\_src\OTLP\docs\00_参考资料","40.9"
"E:\_src\OTLP\docs\00_参考资料\指南_eBPF_eBPF可观测性深度技术指南_零侵入式追踪.md","E:\_src\OTLP\docs\00_参考资料","90.5"
"E:\_src\OTLP\docs\00_参考资料\指南_SDK_OTLP_SDK最佳实践指南_多语言全栈实现.md","E:\_src\OTLP\docs\00_参考资料","34.3"
"E:\_src\OTLP\docs\00_参考资料\指南_SDK_OTLP理论与实践完整改进计划_2026-2029.md","E:\_src\OTLP\docs\00_参考资料","19"
"E:\_src\OTLP\docs\00_参考资料\指南_工作流_工作流自动化完整指南_Temporal_io与可观测性集成.md","E:\_src\OTLP\docs\00_参考资料","63.4"
"E:\_src\OTLP\docs\00_参考资料\指南_性能_Profiles性能分析完整指南_连续性能剖析与OTLP集成.md","E:\_src\OTLP\docs\00_参考资料","66"
"E:\_src\OTLP\docs\00_参考资料\指南_性能_架构图表与可视化指南_Mermaid完整版.md","E:\_src\OTLP\docs\00_参考资料","25.6"
"E:\_src\OTLP\docs\00_参考资料\指南_服务网格_服务网格可观测性完整指南_Istio_Linkerd深度集成.md","E:\_src\OTLP\docs\00_参考资料","76.5"
"E:\_src\OTLP\docs\00_参考资料\指南_测试_测试框架与验证工具完整指南_OTLP质量保障体系.md","E:\_src\OTLP\docs\00_参考资料","137.9"
"E:\_src\OTLP\docs\00_参考资料\文档地图_可视化导航.md","E:\_src\OTLP\docs\00_参考资料","28.6"
"E:\_src\OTLP\docs\00_参考资料\🎓_学习路径快速导航.md","E:\_src\OTLP\docs\00_参考资料","17.4"
"E:\_src\OTLP\docs\01_OTLP核心协议\01_协议概述.md","E:\_src\OTLP\docs\01_OTLP核心协议","24"
"E:\_src\OTLP\docs\01_OTLP核心协议\02_传输层_gRPC.md","E:\_src\OTLP\docs\01_OTLP核心协议","36"
"E:\_src\OTLP\docs\01_OTLP核心协议\03_传输层_HTTP.md","E:\_src\OTLP\docs\01_OTLP核心协议","34.3"
"E:\_src\OTLP\docs\01_OTLP核心协议\04_Protocol_Buffers编码.md","E:\_src\OTLP\docs\01_OTLP核心协议","29.5"
"E:\_src\OTLP\docs\01_OTLP核心协议\05_HTTP_JSON编码详解.md","E:\_src\OTLP\docs\01_OTLP核心协议","79.4"
"E:\_src\OTLP\docs\01_OTLP核心协议\07_OTLP协议演进历史与版本变迁.md","E:\_src\OTLP\docs\01_OTLP核心协议","22.4"
"E:\_src\OTLP\docs\01_OTLP核心协议\OTLP_v1.9.0更新说明.md","E:\_src\OTLP\docs\01_OTLP核心协议","8.3"
"E:\_src\OTLP\docs\01_理论基础\01_OTLP协议形式化验证.md","E:\_src\OTLP\docs\01_理论基础","22.4"
"E:\_src\OTLP\docs\01_理论基础\01_OTLP核心流程时序图与状态机.md","E:\_src\OTLP\docs\01_理论基础","91.9"
"E:\_src\OTLP\docs\01_理论基础\05_概率论在OTLP中的应用.md","E:\_src\OTLP\docs\01_理论基础","15.6"
"E:\_src\OTLP\docs\01_理论基础\06_形式化模型理论框架_AI自我审查系统.md","E:\_src\OTLP\docs\01_理论基础","33"
"E:\_src\OTLP\docs\01_理论基础\06_统计分析方法在OTLP中的应用.md","E:\_src\OTLP\docs\01_理论基础","15.6"
"E:\_src\OTLP\docs\01_理论基础\07_TLA+模型检查案例完整指南.md","E:\_src\OTLP\docs\01_理论基础","21.5"
"E:\_src\OTLP\docs\01_理论基础\07_分布式系统OTLP形式模型理论.md","E:\_src\OTLP\docs\01_理论基础","36.1"
"E:\_src\OTLP\docs\01_理论基础\08_证明策略与方法总结.md","E:\_src\OTLP\docs\01_理论基础","18.4"
"E:\_src\OTLP\docs\01_理论基础\CONTROL_FLOW_EXECUTION_DATA_FLOW_ANALYSIS.md","E:\_src\OTLP\docs\01_理论基础","44.6"
"E:\_src\OTLP\docs\01_理论基础\DISTRIBUTED_SYSTEMS_THEORY.md","E:\_src\OTLP\docs\01_理论基础","35.9"
"E:\_src\OTLP\docs\01_理论基础\OTLP_THEORETICAL_FRAMEWORK_INDEX.md","E:\_src\OTLP\docs\01_理论基础","20.3"
"E:\_src\OTLP\docs\01_理论基础\OTLP_UNIFIED_THEORETICAL_FRAMEWORK.md","E:\_src\OTLP\docs\01_理论基础","29.6"
"E:\_src\OTLP\docs\01_理论基础\OTLP_UNIFIED_THEORETICAL_FRAMEWORK_PART2.md","E:\_src\OTLP\docs\01_理论基础","40.1"
"E:\_src\OTLP\docs\01_理论基础\OTLP_UNIFIED_THEORETICAL_FRAMEWORK_PART3.md","E:\_src\OTLP\docs\01_理论基础","41.2"
"E:\_src\OTLP\docs\01_理论基础\OTLP_UNIFIED_THEORETICAL_FRAMEWORK_PART4.md","E:\_src\OTLP\docs\01_理论基础","36.2"
"E:\_src\OTLP\docs\01_理论基础\OTLP_UNIFIED_THEORETICAL_FRAMEWORK_PART5.md","E:\_src\OTLP\docs\01_理论基础","31"
"E:\_src\OTLP\docs\01_理论基础\OTLP与竞品语义模型深度对比.md","E:\_src\OTLP\docs\01_理论基础","23"
"E:\_src\OTLP\docs\01_理论基础\OTLP数据模型语义完整性形式化论证.md","E:\_src\OTLP\docs\01_理论基础","23.3"
"E:\_src\OTLP\docs\01_理论基础\OTLP语义模型本体论基础.md","E:\_src\OTLP\docs\01_理论基础","24.6"
"E:\_src\OTLP\docs\01_理论基础\OTLP语义演化与版本兼容性理论.md","E:\_src\OTLP\docs\01_理论基础","31"
"E:\_src\OTLP\docs\01_理论基础\QUICK_REFERENCE.md","E:\_src\OTLP\docs\01_理论基础","10.3"
"E:\_src\OTLP\docs\01_理论基础\README.md","E:\_src\OTLP\docs\01_理论基础","14.1"
"E:\_src\OTLP\docs\01_理论基础\README_语义模型理论体系.md","E:\_src\OTLP\docs\01_理论基础","11.1"
"E:\_src\OTLP\docs\01_理论基础\SELF_AWARENESS_SELF_OPS_FRAMEWORK.md","E:\_src\OTLP\docs\01_理论基础","59.2"
"E:\_src\OTLP\docs\01_理论基础\SELF_HEALING_AUTO_ADJUSTMENT_ARCHITECTURE.md","E:\_src\OTLP\docs\01_理论基础","32"
"E:\_src\OTLP\docs\01_理论基础\SEMANTIC_MODELS_ANALYSIS_SUMMARY.md","E:\_src\OTLP\docs\01_理论基础","9.4"
"E:\_src\OTLP\docs\01_理论基础\SEMANTIC_MODELS_AND_FLOW_ANALYSIS.md","E:\_src\OTLP\docs\01_理论基础","73"
"E:\_src\OTLP\docs\01_理论基础\理论_OTLP理论模型全面分析_数据概念类型模型.md","E:\_src\OTLP\docs\01_理论基础","53.6"
"E:\_src\OTLP\docs\01_理论基础\理论_OTLP计算与分析模型_检索定位系统.md","E:\_src\OTLP\docs\01_理论基础","60.3"
"E:\_src\OTLP\docs\02_标准规范\00_语义约定总览.md","E:\_src\OTLP\docs\02_标准规范","37.2"
"E:\_src\OTLP\docs\02_标准规范\01_AWS_Lambda.md","E:\_src\OTLP\docs\02_标准规范","27.7"
"E:\_src\OTLP\docs\02_标准规范\01_AWS属性详解.md","E:\_src\OTLP\docs\02_标准规范","23.3"
"E:\_src\OTLP\docs\02_标准规范\01_Exception属性.md","E:\_src\OTLP\docs\02_标准规范","17.6"
"E:\_src\OTLP\docs\02_标准规范\01_HTTP.md","E:\_src\OTLP\docs\02_标准规范","19.9"
"E:\_src\OTLP\docs\02_标准规范\01_Kafka.md","E:\_src\OTLP\docs\02_标准规范","26.4"
"E:\_src\OTLP\docs\02_标准规范\01_SQL数据库属性详解.md","E:\_src\OTLP\docs\02_标准规范","37"
"E:\_src\OTLP\docs\02_标准规范\01_通信协议通用属性.md","E:\_src\OTLP\docs\02_标准规范","8.3"
"E:\_src\OTLP\docs\02_标准规范\01_通用资源属性.md","E:\_src\OTLP\docs\02_标准规范","21.3"
"E:\_src\OTLP\docs\02_标准规范\02_Azure_Functions.md","E:\_src\OTLP\docs\02_标准规范","7.3"
"E:\_src\OTLP\docs\02_标准规范\02_Azure属性详解.md","E:\_src\OTLP\docs\02_标准规范","33.5"
"E:\_src\OTLP\docs\02_标准规范\02_gRPC.md","E:\_src\OTLP\docs\02_标准规范","18.4"
"E:\_src\OTLP\docs\02_标准规范\02_MongoDB.md","E:\_src\OTLP\docs\02_标准规范","27.8"
"E:\_src\OTLP\docs\02_标准规范\02_NATS.md","E:\_src\OTLP\docs\02_标准规范","34.9"
"E:\_src\OTLP\docs\02_标准规范\03_Cassandra.md","E:\_src\OTLP\docs\02_标准规范","29"
"E:\_src\OTLP\docs\02_标准规范\03_GCP属性详解.md","E:\_src\OTLP\docs\02_标准规范","31.6"
"E:\_src\OTLP\docs\02_标准规范\03_Google_Cloud_Functions.md","E:\_src\OTLP\docs\02_标准规范","12.6"
"E:\_src\OTLP\docs\02_标准规范\03_Redis.md","E:\_src\OTLP\docs\02_标准规范","16.5"
"E:\_src\OTLP\docs\02_标准规范\03_数据库.md","E:\_src\OTLP\docs\02_标准规范","19.4"
"E:\_src\OTLP\docs\02_标准规范\04_Elasticsearch.md","E:\_src\OTLP\docs\02_标准规范","7.7"
"E:\_src\OTLP\docs\02_标准规范\04_RabbitMQ.md","E:\_src\OTLP\docs\02_标准规范","34.8"
"E:\_src\OTLP\docs\02_标准规范\04_RPC.md","E:\_src\OTLP\docs\02_标准规范","23.7"
"E:\_src\OTLP\docs\02_标准规范\05_Apache_Pulsar.md","E:\_src\OTLP\docs\02_标准规范","36.3"
"E:\_src\OTLP\docs\02_标准规范\05_通用Span属性.md","E:\_src\OTLP\docs\02_标准规范","20"
"E:\_src\OTLP\docs\02_标准规范\06_AWS_SQS_SNS.md","E:\_src\OTLP\docs\02_标准规范","33.6"
"E:\_src\OTLP\docs\02_标准规范\07_MQTT.md","E:\_src\OTLP\docs\02_标准规范","37.2"
"E:\_src\OTLP\docs\02_标准规范\README.md","E:\_src\OTLP\docs\02_标准规范","2"
"E:\_src\OTLP\docs\02_标准规范\Semantic_Conventions_v1.40.0_完整变更日志.md","E:\_src\OTLP\docs\02_标准规范","5.3"
"E:\_src\OTLP\docs\02_标准规范\Zipkin_Exporter弃用说明与迁移指南.md","E:\_src\OTLP\docs\02_标准规范","3.3"
"E:\_src\OTLP\docs\02_标准规范\版本更新日志_v1.29_to_v1.38.md","E:\_src\OTLP\docs\02_标准规范","9.2"
"E:\_src\OTLP\docs\02_标准规范\版本更新日志_v1.38_to_v1.39.md","E:\_src\OTLP\docs\02_标准规范","9.7"
"E:\_src\OTLP\docs\02_标准规范\版本更新日志_v1.39_to_v1.40.md","E:\_src\OTLP\docs\02_标准规范","8.3"
"E:\_src\OTLP\docs\03_数据模型\07_InstrumentationScope详解.md","E:\_src\OTLP\docs\03_数据模型","22.1"
"E:\_src\OTLP\docs\03_数据模型\10_Metrics_Exemplars详解.md","E:\_src\OTLP\docs\03_数据模型","33.8"
"E:\_src\OTLP\docs\03_数据模型\11_Logs生产环境部署指南.md","E:\_src\OTLP\docs\03_数据模型","66.9"
"E:\_src\OTLP\docs\03_数据模型\12_OTLP数据模型四维深度分析_数据流语义处理应用视角.md","E:\_src\OTLP\docs\03_数据模型","85.2"
"E:\_src\OTLP\docs\03_数据模型\13_数据流优化策略_增量传输与压缩.md","E:\_src\OTLP\docs\03_数据模型","26.3"
"E:\_src\OTLP\docs\03_数据模型\14_语义模型扩展_自定义属性与查询.md","E:\_src\OTLP\docs\03_数据模型","38.5"
"E:\_src\OTLP\docs\03_数据模型\15_上下文传播机制_分布式追踪深入分析.md","E:\_src\OTLP\docs\03_数据模型","30"
"E:\_src\OTLP\docs\03_数据模型\16_业务集成实战_OTLP与业务系统融合案例.md","E:\_src\OTLP\docs\03_数据模型","35.3"
"E:\_src\OTLP\docs\03_数据模型\17_数据流实战_高并发场景下的OTLP传输优化.md","E:\_src\OTLP\docs\03_数据模型","25.4"
"E:\_src\OTLP\docs\03_数据模型\18_语义模型实战_电商系统的OTLP数据建模.md","E:\_src\OTLP\docs\03_数据模型","20.7"
"E:\_src\OTLP\docs\03_数据模型\19_数据流视角_数据内容与结构深度分析.md","E:\_src\OTLP\docs\03_数据模型","38.1"
"E:\_src\OTLP\docs\03_数据模型\20_数据流视角_数据传输机制深度分析.md","E:\_src\OTLP\docs\03_数据模型","33.4"
"E:\_src\OTLP\docs\03_数据模型\21_数据流视角_数据存储与持久化深度分析.md","E:\_src\OTLP\docs\03_数据模型","21.9"
"E:\_src\OTLP\docs\03_数据模型\22_数据流视角_数据转换与适配深度分析.md","E:\_src\OTLP\docs\03_数据模型","58.2"
"E:\_src\OTLP\docs\03_数据模型\23_语义模型视角_数据聚合策略深度分析.md","E:\_src\OTLP\docs\03_数据模型","19"
"E:\_src\OTLP\docs\03_数据模型\24_数据应用视角_业务与OTLP数据冗余分析.md","E:\_src\OTLP\docs\03_数据模型","23.1"
"E:\_src\OTLP\docs\03_数据模型\25_数据处理视角_数据流向与拓扑结构深度分析.md","E:\_src\OTLP\docs\03_数据模型","17.7"
"E:\_src\OTLP\docs\03_数据模型\26_语义模型视角_数据定义与类型系统深度分析.md","E:\_src\OTLP\docs\03_数据模型","20.1"
"E:\_src\OTLP\docs\03_数据模型\27_语义模型视角_数据组合与关联深度分析.md","E:\_src\OTLP\docs\03_数据模型","20.1"
"E:\_src\OTLP\docs\03_数据模型\28_语义模型视角_数据检索与搜索深度分析.md","E:\_src\OTLP\docs\03_数据模型","22.4"
"E:\_src\OTLP\docs\03_数据模型\29_数据处理视角_本地处理与缓冲机制深度分析.md","E:\_src\OTLP\docs\03_数据模型","27.4"
"E:\_src\OTLP\docs\03_数据模型\30_数据应用视角_语义模型融合策略深度分析.md","E:\_src\OTLP\docs\03_数据模型","25.1"
"E:\_src\OTLP\docs\03_数据模型\31_数据应用视角_数据分析与洞察深度分析.md","E:\_src\OTLP\docs\03_数据模型","35.3"
"E:\_src\OTLP\docs\03_数据模型\32_多语言代码示例对比指南.md","E:\_src\OTLP\docs\03_数据模型","26"
"E:\_src\OTLP\docs\03_数据模型\33_JavaScript代码示例补充.md","E:\_src\OTLP\docs\03_数据模型","23.9"
"E:\_src\OTLP\docs\03_数据模型\35_Rust代码示例补充.md","E:\_src\OTLP\docs\03_数据模型","11.7"
"E:\_src\OTLP\docs\03_数据模型\README_数据模型完整体系.md","E:\_src\OTLP\docs\03_数据模型","30"
"E:\_src\OTLP\docs\03_数据模型\01_Traces数据模型\01_Span结构.md","E:\_src\OTLP\docs\03_数据模型\01_Traces数据模型","19.3"
"E:\_src\OTLP\docs\03_数据模型\01_Traces数据模型\02_SpanContext.md","E:\_src\OTLP\docs\03_数据模型\01_Traces数据模型","20"
"E:\_src\OTLP\docs\03_数据模型\01_Traces数据模型\03_SpanKind.md","E:\_src\OTLP\docs\03_数据模型\01_Traces数据模型","26.1"
"E:\_src\OTLP\docs\03_数据模型\01_Traces数据模型\04_TraceFlags与TraceState.md","E:\_src\OTLP\docs\03_数据模型\01_Traces数据模型","25"
"E:\_src\OTLP\docs\03_数据模型\01_Traces数据模型\05_Status与Error处理.md","E:\_src\OTLP\docs\03_数据模型\01_Traces数据模型","20.6"
"E:\_src\OTLP\docs\03_数据模型\02_Metrics数据模型\01_Metrics概述.md","E:\_src\OTLP\docs\03_数据模型\02_Metrics数据模型","19.9"
"E:\_src\OTLP\docs\03_数据模型\02_Metrics数据模型\02_Metrics子类型详解.md","E:\_src\OTLP\docs\03_数据模型\02_Metrics数据模型","22.6"
"E:\_src\OTLP\docs\03_数据模型\02_Metrics数据模型\03_Pre-aggregation与Prometheus_StatsD映射.md","E:\_src\OTLP\docs\03_数据模型\02_Metrics数据模型","9.5"
"E:\_src\OTLP\docs\03_数据模型\02_Metrics数据模型\04_Exemplars详解.md","E:\_src\OTLP\docs\03_数据模型\02_Metrics数据模型","18.2"
"E:\_src\OTLP\docs\03_数据模型\02_Metrics数据模型\05_ExponentialHistogram详解.md","E:\_src\OTLP\docs\03_数据模型\02_Metrics数据模型","24.1"
"E:\_src\OTLP\docs\03_数据模型\03_Logs数据模型\01_Logs概述.md","E:\_src\OTLP\docs\03_数据模型\03_Logs数据模型","22.2"
"E:\_src\OTLP\docs\03_数据模型\03_Logs数据模型\02_Logs字段与严重性详解.md","E:\_src\OTLP\docs\03_数据模型\03_Logs数据模型","13.9"
"E:\_src\OTLP\docs\03_数据模型\03_Logs数据模型\03_统一结构与多格式映射.md","E:\_src\OTLP\docs\03_数据模型\03_Logs数据模型","8.3"
"E:\_src\OTLP\docs\03_数据模型\04_Resource\01_Resource模型.md","E:\_src\OTLP\docs\03_数据模型\04_Resource","21.3"
"E:\_src\OTLP\docs\03_数据模型\05_Baggage\01_Baggage详解.md","E:\_src\OTLP\docs\03_数据模型\05_Baggage","18"
"E:\_src\OTLP\docs\03_核心实现\01_OTLP完整架构图.md","E:\_src\OTLP\docs\03_核心实现","52.9"
"E:\_src\OTLP\docs\03_核心实现\01_SDK概述.md","E:\_src\OTLP\docs\03_核心实现","24"
"E:\_src\OTLP\docs\03_核心实现\02_Collector架构.md","E:\_src\OTLP\docs\03_核心实现","20.1"
"E:\_src\OTLP\docs\03_核心实现\03_Collector_Processor配置详解.md","E:\_src\OTLP\docs\03_核心实现","18.2"
"E:\_src\OTLP\docs\03_核心实现\03_SDK最佳实践.md","E:\_src\OTLP\docs\03_核心实现","24.7"
"E:\_src\OTLP\docs\03_核心实现\04_Collector_Receiver配置详解.md","E:\_src\OTLP\docs\03_核心实现","23.2"
"E:\_src\OTLP\docs\03_核心实现\04_Context_Propagation详解.md","E:\_src\OTLP\docs\03_核心实现","21.6"
"E:\_src\OTLP\docs\03_核心实现\05_Collector_Exporter配置详解.md","E:\_src\OTLP\docs\03_核心实现","18.3"
"E:\_src\OTLP\docs\03_核心实现\05_Collector_v0.117.0高级配置详解.md","E:\_src\OTLP\docs\03_核心实现","30.7"
"E:\_src\OTLP\docs\03_核心实现\06_Collector生产环境完整配置示例.md","E:\_src\OTLP\docs\03_核心实现","35.6"
"E:\_src\OTLP\docs\03_核心实现\07_OpAMP管理协议完整指南.md","E:\_src\OTLP\docs\03_核心实现","14.9"
"E:\_src\OTLP\docs\03_核心实现\Collector_v0.147.0_完整变更日志.md","E:\_src\OTLP\docs\03_核心实现","7.4"
"E:\_src\OTLP\docs\03_核心实现\OTLP_Collector_v0.147.0更新说明.md","E:\_src\OTLP\docs\03_核心实现","10.8"
"E:\_src\OTLP\docs\03_核心实现\README.md","E:\_src\OTLP\docs\03_核心实现","2.3"
"E:\_src\OTLP\docs\03_核心实现\声明式配置完整指南_v1.0.md","E:\_src\OTLP\docs\03_核心实现","10.5"
"E:\_src\OTLP\docs\04_部署运维\06_生产环境故障排查完全手册.md","E:\_src\OTLP\docs\04_部署运维","37.4"
"E:\_src\OTLP\docs\04_部署运维\大规模Collector生产部署架构指南.md","E:\_src\OTLP\docs\04_部署运维","9.9"
"E:\_src\OTLP\docs\04_部署运维\成本优化与FinOps实践指南.md","E:\_src\OTLP\docs\04_部署运维","5.7"
"E:\_src\OTLP\docs\04_部署运维\09_CI_CD集成\01_持续集成实践.md","E:\_src\OTLP\docs\04_部署运维\09_CI_CD集成","45.2"
"E:\_src\OTLP\docs\04_部署运维\L4.3_故障排查\01_OpenTelemetry故障排查完整手册.md","E:\_src\OTLP\docs\04_部署运维\L4.3_故障排查","29.5"
"E:\_src\OTLP\docs\04_部署运维\L4.3_故障排查\01_常见问题与解决方案.md","E:\_src\OTLP\docs\04_部署运维\L4.3_故障排查","31"
"E:\_src\OTLP\docs\05_前沿技术\02_GenAI_Observability.md","E:\_src\OTLP\docs\05_前沿技术","26.7"
"E:\_src\OTLP\docs\05_前沿技术\04_OTLP_Arrow完整指南.md","E:\_src\OTLP\docs\05_前沿技术","37.7"
"E:\_src\OTLP\docs\05_前沿技术\06_AgentSight_AI驱动智能监控_2025.md","E:\_src\OTLP\docs\05_前沿技术","42.4"
"E:\_src\OTLP\docs\05_前沿技术\07_Go编译时instrumentation完整指南_2025.md","E:\_src\OTLP\docs\05_前沿技术","22.6"
"E:\_src\OTLP\docs\05_前沿技术\08_Wasm插件生态完整指南_2025.md","E:\_src\OTLP\docs\05_前沿技术","18"
"E:\_src\OTLP\docs\05_前沿技术\09_边缘可观测性完整指南_2025.md","E:\_src\OTLP\docs\05_前沿技术","18.3"
"E:\_src\OTLP\docs\05_前沿技术\10_预测性维护完整指南_2025.md","E:\_src\OTLP\docs\05_前沿技术","48.5"
"E:\_src\OTLP\docs\05_前沿技术\GenAI语义约定完整实现示例.md","E:\_src\OTLP\docs\05_前沿技术","16.5"
"E:\_src\OTLP\docs\05_前沿技术\README.md","E:\_src\OTLP\docs\05_前沿技术","1.5"
"E:\_src\OTLP\docs\05_前沿技术\指南_Rust_Rust_OpenTelemetry完整指南_系统编程首选.md","E:\_src\OTLP\docs\05_前沿技术","45.1"
"E:\_src\OTLP\docs\05_前沿技术\12_移动端可观测性\01_移动端可观测性概述与实践.md","E:\_src\OTLP\docs\05_前沿技术\12_移动端可观测性","33.6"
"E:\_src\OTLP\docs\05_采样与性能\01_采样策略.md","E:\_src\OTLP\docs\05_采样与性能","20.2"
"E:\_src\OTLP\docs\05_采样与性能\02_性能优化实践.md","E:\_src\OTLP\docs\05_采样与性能","24"
"E:\_src\OTLP\docs\05_采样与性能\04_Tracezip压缩技术_2025.md","E:\_src\OTLP\docs\05_采样与性能","18.1"
"E:\_src\OTLP\docs\05_采样与性能\04_前沿采样技术_2025.md","E:\_src\OTLP\docs\05_采样与性能","34.1"
"E:\_src\OTLP\docs\05_采样与性能\05_Autoscope智能采样_2025.md","E:\_src\OTLP\docs\05_采样与性能","25.2"
"E:\_src\OTLP\docs\06_行业实战\端到端可观测性实践案例集.md","E:\_src\OTLP\docs\06_行业实战","26.6"
"E:\_src\OTLP\docs\06_行业实战\L6.1_云原生实战\01_微服务追踪实战.md","E:\_src\OTLP\docs\06_行业实战\L6.1_云原生实战","36.1"
"E:\_src\OTLP\docs\06_行业实战\L6.1_云原生实战\02_分布式事务追踪.md","E:\_src\OTLP\docs\06_行业实战\L6.1_云原生实战","16.8"
"E:\_src\OTLP\docs\06_行业实战\L6.1_云原生实战\03_eBPF自动追踪.md","E:\_src\OTLP\docs\06_行业实战\L6.1_云原生实战","14.3"
"E:\_src\OTLP\docs\06_行业实战\L6.1_云原生实战\04_生产环境最佳实践.md","E:\_src\OTLP\docs\06_行业实战\L6.1_云原生实战","22"
"E:\_src\OTLP\docs\06_行业实战\L6.1_云原生实战\05_大规模电商系统可观测性实战.md","E:\_src\OTLP\docs\06_行业实战\L6.1_云原生实战","34.2"
"E:\_src\OTLP\docs\06_行业实战\L6.1_云原生实战\06_金融行业核心系统可观测性实战.md","E:\_src\OTLP\docs\06_行业实战\L6.1_云原生实战","30.1"
"E:\_src\OTLP\docs\06_行业实战\L6.1_云原生实战\07_智能制造可观测性实战.md","E:\_src\OTLP\docs\06_行业实战\L6.1_云原生实战","28.9"
"E:\_src\OTLP\docs\06_行业实战\L6.1_云原生实战\08_智慧物流可观测性实战.md","E:\_src\OTLP\docs\06_行业实战\L6.1_云原生实战","25.6"
"E:\_src\OTLP\docs\06_行业实战\L6.1_云原生实战\09_医疗健康系统可观测性实战.md","E:\_src\OTLP\docs\06_行业实战\L6.1_云原生实战","41.3"
"E:\_src\OTLP\docs\06_行业实战\L6.1_云原生实战\10_教育平台可观测性实战.md","E:\_src\OTLP\docs\06_行业实战\L6.1_云原生实战","43.1"
"E:\_src\OTLP\docs\06_行业实战\L6.2_行业深度案例\01_多行业可观测性案例集.md","E:\_src\OTLP\docs\06_行业实战\L6.2_行业深度案例","28.3"
"E:\_src\OTLP\docs\06_行业实战\L6.2_行业深度案例\34_行业实战案例大全.md","E:\_src\OTLP\docs\06_行业实战\L6.2_行业深度案例","30.8"
"E:\_src\OTLP\docs\06_行业实战\L6.2_行业深度案例\36_能源交通农业行业案例.md","E:\_src\OTLP\docs\06_行业实战\L6.2_行业深度案例","23.6"
"E:\_src\OTLP\docs\06_行业实战\L6.3_现代架构实战\01_AI驱动应用可观测性.md","E:\_src\OTLP\docs\06_行业实战\L6.3_现代架构实战","19"
"E:\_src\OTLP\docs\06_行业实战\L6.4_综合实战指南\01_OpenTelemetry实战场景快速查找指南.md","E:\_src\OTLP\docs\06_行业实战\L6.4_综合实战指南","24.3"
"E:\_src\OTLP\docs\07_安全与合规\01_安全最佳实践.md","E:\_src\OTLP\docs\07_安全与合规","27.6"
"E:\_src\OTLP\docs\07_安全与合规\02_数据隐私合规.md","E:\_src\OTLP\docs\07_安全与合规","25.3"
"E:\_src\OTLP\docs\07_安全与合规\03_2025年最新安全威胁与防护_CVE_MFA.md","E:\_src\OTLP\docs\07_安全与合规","15.8"
"E:\_src\OTLP\docs\07_安全与合规\06_安全最佳实践完整指南.md","E:\_src\OTLP\docs\07_安全与合规","47.1"
"E:\_src\OTLP\docs\07_安全与合规\安全加固完整清单_v1.0.md","E:\_src\OTLP\docs\07_安全与合规","8.4"
"E:\_src\OTLP\docs\07_安全与合规\04_安全加固指南\01_OpenTelemetry安全加固完整指南.md","E:\_src\OTLP\docs\07_安全与合规\04_安全加固指南","31"
"E:\_src\OTLP\docs\07_工具生态\README.md","E:\_src\OTLP\docs\07_工具生态","17.1"
"E:\_src\OTLP\docs\07_工具生态\商业观测平台集成指南.md","E:\_src\OTLP\docs\07_工具生态","6.5"
"E:\_src\OTLP\docs\07_工具生态\工具_交互式配置生成器_OTLP_Collector配置向导.md","E:\_src\OTLP\docs\07_工具生态","57.5"
"E:\_src\OTLP\docs\07_工具生态\自动化测试工具完整指南.md","E:\_src\OTLP\docs\07_工具生态","19.1"
"E:\_src\OTLP\docs\07_工具生态\01_SDK指南\.NET_SDK完整实战指南.md","E:\_src\OTLP\docs\07_工具生态\01_SDK指南","36.9"
"E:\_src\OTLP\docs\07_工具生态\01_SDK指南\Go_SDK完整实战指南.md","E:\_src\OTLP\docs\07_工具生态\01_SDK指南","20.3"
"E:\_src\OTLP\docs\07_工具生态\01_SDK指南\JavaScript_SDK完整实战指南.md","E:\_src\OTLP\docs\07_工具生态\01_SDK指南","37.3"
"E:\_src\OTLP\docs\07_工具生态\01_SDK指南\Java_SDK完整实战指南.md","E:\_src\OTLP\docs\07_工具生态\01_SDK指南","40.2"
"E:\_src\OTLP\docs\07_工具生态\01_SDK指南\Python_SDK完整实战指南.md","E:\_src\OTLP\docs\07_工具生态\01_SDK指南","47.8"
"E:\_src\OTLP\docs\07_工具生态\01_SDK指南\Rust_SDK完整实战指南.md","E:\_src\OTLP\docs\07_工具生态\01_SDK指南","40.2"
"E:\_src\OTLP\docs\07_工具生态\config-generator\QUICK_START.md","E:\_src\OTLP\docs\07_工具生态\config-generator","5.5"
"E:\_src\OTLP\docs\07_工具生态\config-generator\README.md","E:\_src\OTLP\docs\07_工具生态\config-generator","15.9"
"E:\_src\OTLP\docs\07_工具生态\config-generator\examples\README.md","E:\_src\OTLP\docs\07_工具生态\config-generator\examples","10"
"E:\_src\OTLP\docs\07_工具生态\社区建设\01_GitHub仓库优化指南.md","E:\_src\OTLP\docs\07_工具生态\社区建设","11.8"
"E:\_src\OTLP\docs\07_工具生态\社区建设\02_案例研究扩展指南.md","E:\_src\OTLP\docs\07_工具生态\社区建设","7.3"
"E:\_src\OTLP\docs\07_工具生态\社区建设\03_企业合作指南.md","E:\_src\OTLP\docs\07_工具生态\社区建设","7.2"
"E:\_src\OTLP\docs\07_工具生态\社区建设\04_学术发表准备指南.md","E:\_src\OTLP\docs\07_工具生态\社区建设","19.2"
"E:\_src\OTLP\docs\07_工具生态\社区建设\05_工业落地案例库.md","E:\_src\OTLP\docs\07_工具生态\社区建设","22.9"
"E:\_src\OTLP\docs\08_项目与评价\00_范围-权威对齐矩阵.md","E:\_src\OTLP\docs\08_项目与评价","5.1"
"E:\_src\OTLP\docs\08_项目与评价\Q4_2025_执行总结报告.md","E:\_src\OTLP\docs\08_项目与评价","18.7"
"E:\_src\OTLP\docs\08_项目与评价\README.md","E:\_src\OTLP\docs\08_项目与评价","10.7"
"E:\_src\OTLP\docs\08_项目与评价\报告_生态_2025最新技术生态对标分析报告.md","E:\_src\OTLP\docs\08_项目与评价","43"
"E:\_src\OTLP\docs\08_项目与评价\报告_生态_生态系统集成目录_OTLP厂商与工具全景分析.md","E:\_src\OTLP\docs\08_项目与评价","37"
"E:\_src\OTLP\docs\08_项目与评价\01_国际趋势追踪\2025_Q4_趋势分析.md","E:\_src\OTLP\docs\08_项目与评价\01_国际趋势追踪","24.1"
"E:\_src\OTLP\docs\08_项目与评价\01_国际趋势追踪\AI_ML_可观测性追踪.md","E:\_src\OTLP\docs\08_项目与评价\01_国际趋势追踪","26.4"
"E:\_src\OTLP\docs\08_项目与评价\01_国际趋势追踪\eBPF_生态追踪.md","E:\_src\OTLP\docs\08_项目与评价\01_国际趋势追踪","18.6"
"E:\_src\OTLP\docs\08_项目与评价\01_国际趋势追踪\Profiling_信号追踪.md","E:\_src\OTLP\docs\08_项目与评价\01_国际趋势追踪","19.9"
"E:\_src\OTLP\docs\08_项目与评价\01_国际趋势追踪\Wasm_插件生态追踪.md","E:\_src\OTLP\docs\08_项目与评价\01_国际趋势追踪","23.4"
"E:\_src\OTLP\docs\08_项目与评价\02_批判性评价\范围专项批判性评价.md","E:\_src\OTLP\docs\08_项目与评价\02_批判性评价","7.5"
"E:\_src\OTLP\docs\08_项目与评价\02_批判性评价\项目优势分析.md","E:\_src\OTLP\docs\08_项目与评价\02_批判性评价","17.2"
"E:\_src\OTLP\docs\08_项目与评价\02_批判性评价\项目全面批判性评价.md","E:\_src\OTLP\docs\08_项目与评价\02_批判性评价","17.4"
"E:\_src\OTLP\docs\08_项目与评价\03_改进计划\短期改进计划_Q4_2025.md","E:\_src\OTLP\docs\08_项目与评价\03_改进计划","11.8"
"E:\_src\OTLP\docs\08_项目与评价\03_改进计划\P0_任务\P0-2_预测性维护完整指南.md","E:\_src\OTLP\docs\08_项目与评价\03_改进计划\P0_任务","51.7"
"E:\_src\OTLP\docs\08_项目与评价\03_改进计划\P0_任务\P0-3_eBPF实战部署指南.md","E:\_src\OTLP\docs\08_项目与评价\03_改进计划\P0_任务","54.6"
"E:\_src\OTLP\docs\08_项目与评价\03_改进计划\P0_任务\P0-4_eBPF性能基准测试完整报告.md","E:\_src\OTLP\docs\08_项目与评价\03_改进计划\P0_任务","36.5"
"E:\_src\OTLP\docs\08_项目与评价\03_改进计划\P0_任务\P1-5_多模态LLM可观测性分析指南.md","E:\_src\OTLP\docs\08_项目与评价\03_改进计划\P0_任务","47.9"
"E:\_src\OTLP\docs\08_项目与评价\03_改进计划\P0_任务\P1-6_Wasm插件生态指南.md","E:\_src\OTLP\docs\08_项目与评价\03_改进计划\P0_任务","42"
"E:\_src\OTLP\docs\08_项目与评价\03_改进计划\P0_任务\P1-7_边缘可观测性实战指南.md","E:\_src\OTLP\docs\08_项目与评价\03_改进计划\P0_任务","30.3"
"E:\_src\OTLP\docs\08_项目与评价\04_实施追踪\Q4_2025_任务看板.md","E:\_src\OTLP\docs\08_项目与评价\04_实施追踪","9.7"
"E:\_src\OTLP\docs\08_项目与评价\09_项目管理\✅_OTLP项目内容对齐完成报告_100%.md","E:\_src\OTLP\docs\08_项目与评价\09_项目管理","5.2"
"E:\_src\OTLP\docs\09_云平台集成\01_AWS集成指南.md","E:\_src\OTLP\docs\09_云平台集成","23.8"
"E:\_src\OTLP\docs\09_云平台集成\01_阿里云OTLP集成指南.md","E:\_src\OTLP\docs\09_云平台集成","27"
"E:\_src\OTLP\docs\09_云平台集成\02_GCP集成指南.md","E:\_src\OTLP\docs\09_云平台集成","24.5"
"E:\_src\OTLP\docs\09_云平台集成\02_腾讯云OTLP集成指南.md","E:\_src\OTLP\docs\09_云平台集成","31.9"
"E:\_src\OTLP\docs\09_云平台集成\03_Azure集成指南.md","E:\_src\OTLP\docs\09_云平台集成","5.7"
"E:\_src\OTLP\docs\09_云平台集成\03_华为云OTLP集成指南.md","E:\_src\OTLP\docs\09_云平台集成","26.7"
"E:\_src\OTLP\docs\09_云平台集成\03_多云平台深度对比分析.md","E:\_src\OTLP\docs\09_云平台集成","35.1"
"E:\_src\OTLP\docs\09_云平台集成\README.md","E:\_src\OTLP\docs\09_云平台集成","10.4"
"E:\_src\OTLP\docs\10_智能与IoT可观测性\01_GenAI语义约定完整指南.md","E:\_src\OTLP\docs\10_智能与IoT可观测性","30.6"
"E:\_src\OTLP\docs\10_智能与IoT可观测性\01_IoT可观测性概述与实践.md","E:\_src\OTLP\docs\10_智能与IoT可观测性","29.3"
"E:\_src\OTLP\docs\10_智能与IoT可观测性\02_LLM应用监控实战.md","E:\_src\OTLP\docs\10_智能与IoT可观测性","27.3"
"E:\_src\OTLP\docs\11_Profiles信号\01_Profiles概述与数据模型.md","E:\_src\OTLP\docs\11_Profiles信号","16.8"
"E:\_src\OTLP\docs\11_Profiles信号\04_Collector_Profiles配置.md","E:\_src\OTLP\docs\11_Profiles信号","8.6"
"E:\_src\OTLP\docs\12_性能与基准测试\01_OpenTelemetry性能基准测试.md","E:\_src\OTLP\docs\12_性能与基准测试","27.7"
"E:\_src\OTLP\docs\12_性能与基准测试\02_OTLP性能基准测试扩展报告.md","E:\_src\OTLP\docs\12_性能与基准测试","16.3"
"E:\_src\OTLP\docs\12_性能与基准测试\03_实际案例性能数据分析报告.md","E:\_src\OTLP\docs\12_性能与基准测试","15.3"
"E:\_src\OTLP\docs\13_eBPF自动插桩\01_OBI_2026路线图.md","E:\_src\OTLP\docs\13_eBPF自动插桩","11.5"
"E:\_src\OTLP\docs\13_eBPF自动插桩\OBI_2026年目标更新.md","E:\_src\OTLP\docs\13_eBPF自动插桩","12"
"E:\_src\OTLP\docs\14_移动端可观测性\01_iOS平台OTLP完整接入指南.md","E:\_src\OTLP\docs\14_移动端可观测性","26.9"
"E:\_src\OTLP\docs\14_移动端可观测性\02_Android平台OTLP接入指南.md","E:\_src\OTLP\docs\14_移动端可观测性","23"
"E:\_src\OTLP\docs\14_移动端可观测性\03_React_Native跨平台OTLP方案.md","E:\_src\OTLP\docs\14_移动端可观测性","31.5"
"E:\_src\OTLP\docs\14_移动端可观测性\04_WebAssembly_OTLP观测技术.md","E:\_src\OTLP\docs\14_移动端可观测性","38.3"
"E:\_src\OTLP\docs\14_移动端可观测性\README.md","E:\_src\OTLP\docs\14_移动端可观测性","7.9"
"E:\_src\OTLP\docs\15_数据分析与洞察\README.md","E:\_src\OTLP\docs\15_数据分析与洞察","19.6"
"E:\_src\OTLP\docs\15_数据分析与洞察\01_指标体系设计\OTLP指标体系设计方法论.md","E:\_src\OTLP\docs\15_数据分析与洞察\01_指标体系设计","38.9"
"E:\_src\OTLP\docs\15_数据分析与洞察\02_查询与分析语言\PromQL与TraceQL完全指南.md","E:\_src\OTLP\docs\15_数据分析与洞察\02_查询与分析语言","26"
"E:\_src\OTLP\docs\15_数据分析与洞察\03_异常检测与诊断\OTLP异常检测与根因分析实战.md","E:\_src\OTLP\docs\15_数据分析与洞察\03_异常检测与诊断","88.8"
"E:\_src\OTLP\docs\15_数据分析与洞察\03_异常检测与诊断\智能异常检测与根因分析实战.md","E:\_src\OTLP\docs\15_数据分析与洞察\03_异常检测与诊断","35.1"
"E:\_src\OTLP\docs\15_数据分析与洞察\04_SLO与可靠性管理\SLO设计与错误预算管理.md","E:\_src\OTLP\docs\15_数据分析与洞察\04_SLO与可靠性管理","33.5"
"E:\_src\OTLP\docs\15_数据分析与洞察\05_数据可视化\可观测性数据可视化最佳实践.md","E:\_src\OTLP\docs\15_数据分析与洞察\05_数据可视化","21.3"
"E:\_src\OTLP\docs\15_数据分析与洞察\06_数据驱动决策\数据驱动的系统优化决策.md","E:\_src\OTLP\docs\15_数据分析与洞察\06_数据驱动决策","21.8"
"E:\_src\OTLP\docs\归档文件\04_过时文档\01_OTLP_Arrow.md","E:\_src\OTLP\docs\归档文件\04_过时文档","21.7"
"E:\_src\OTLP\docs\归档文件\04_过时文档\04_OTLP_Arrow完整指南_2025.md","E:\_src\OTLP\docs\归档文件\04_过时文档","17.3"
"E:\_src\OTLP\docs\归档文件\04_过时文档\OTLP_Arrow完整指南_2026.md","E:\_src\OTLP\docs\归档文件\04_过时文档","12.2"
"E:\_src\OTLP\docs\归档文件\04_过时文档\多种思维表征全面覆盖计划与方案.md","E:\_src\OTLP\docs\归档文件\04_过时文档","12.7"
"E:\_src\OTLP\docs\归档文件\04_过时文档\理论_2025年批判性评价与2026-2029改进路线图.md","E:\_src\OTLP\docs\归档文件\04_过时文档","57.1"
