删除|docs/📊_docs文件夹知识图谱_2025_10_20.md|完全重复（哈希相同）
删除|docs/📊_docs文件夹多维矩阵对比_2025_10_20.md|完全重复（哈希相同）
审查|docs/📊_docs文件夹思维导图_2025_10_20.md|类似但哈希不同
归档|docs/🎨_docs可视化分析入口_2025_10_20.md|临时分析入口
归档|docs/00_主题全面梳理/01_主题覆盖完整性检查报告.md|主题梳理过程文件
归档|docs/00_主题全面梳理/02_主题依赖关系图谱.md|主题梳理过程文件
归档|docs/00_主题全面梳理/03_主题补充计划与执行.md|主题梳理过程文件
归档|docs/00_主题全面梳理/04_文档结构一致性检查工具.md|主题梳理过程文件
归档|docs/🔍_批判性评价与改进建议_2025_10.md|旧版批判性评价
归档|docs/🔬_2025全面批判性评价与自主运维能力分析报告.md|已整合到新报告
归档|docs/🔬_2025全面批判性评价与持续改进路线图_最终版.md|已整合到新报告
归档|docs/📊_代码质量优化实施报告_OPT2进度.md|过程报告
归档|docs/📊_质量复审报告_文档优化详情.md|过程报告
删除|knowledge/00_知识中心/03_矩阵对比/docs文件夹多维矩阵.md|与docs/重复
删除|knowledge/00_知识中心/04_思维导图/docs文件夹思维导图.md|与docs/重复
归档|knowledge/09_项目管理/📊_OTLP项目全面批判性评价与改进建议报告_2025_10_27.md|2025年10月旧版报告
归档|knowledge/09_项目管理/📊_OTLP项目全面梳理与国际对标报告_2025_10_26.md|2025年10月旧版报告
归档|knowledge/09_项目管理/📐_项目目录结构诊断与重组方案_2025_10_26.md|2025年10月旧版报告
归档|knowledge/09_项目管理/🚀_P1短期改进持续推进计划_2025_10_27.md|2025年10月旧版报告
归档|knowledge/09_项目管理/📋_P1短期改进执行状态_2025_10_27.md|2025年10月旧版报告
归档|knowledge/09_项目管理/✅_主题梳理与归档_100%完成总结.md|2025年10月旧版报告
归档|knowledge/09_项目管理/✅_2026年完善计划_100%完成报告.md|2025年10月旧版报告
归档|knowledge/09_项目管理/✅_OTLP主题体系梳理100%完成报告.md|2025年10月旧版报告
归档|knowledge/09_项目管理/✅_OTLP项目主题体系梳理完成报告.md|2025年10月旧版报告
归档|knowledge/09_项目管理/✅_文件归档100%完成报告.md|2025年10月旧版报告
